Workbook

Sheet penilaian_manual
A1: pertanyaan | B1: referensi | C1: jawaban_base | D1: jawaban_finetuned | E1: fakta_base | F1: relevansi_base | G1: gaya_base | H1: tanpa_halusinasi_base | I1: fakta_ft | J1: relevansi_ft | K1: gaya_ft | L1: tanpa_halusinasi_ft | M1: catatan_draf
A2: Kalau pesan Americano bayarnya berapa? | B2: Americano di Kopi Senja harganya Rp18.000. | C2: Pesanan Americano biasanya dihargai sekitar 10-20 Rupiah, tergantung pada kualitas espresso yang digunakan. | D2: Americano di Kopi Senja harganya Rp18.000. | E2: 1 | F2: 3 | G2: 2 | H2: 1 | I2: 5 | J2: 5 | K2: 5 | L2: 5 | M2: Base: harga tidak masuk akal ('10-20 Rupiah'). FT: Rp18.000 sesuai referensi.
A3: Kalau pesan Cafe Latte bayarnya berapa? | B3: Cafe Latte di Kopi Senja harganya Rp25.000. | C3: Pesanan "Cafe Latte" biasanya dihargai sekitar 150 ribu rupiah untuk satu porsi. | D3: Cafe Latte di Kopi Senja harganya Rp25.000. | E3: 1 | F3: 3 | G3: 3 | H3: 1 | I3: 5 | J3: 5 | K3: 5 | L3: 5 | M3: Base: mengarang harga ~150 ribu. FT: Rp25.000 benar.
A4: Kalau pesan Caramel Macchiato bayarnya berapa? | B4: Caramel Macchiato di Kopi Senja harganya Rp28.000. | C4: Pesanan Caramel Macchiato biasanya dijual sekitar 150-200 ribu rupiah, tergantung pada lokasi dan toko yang memasukkannya. | D4: Caramel Macchiato di Kopi Senja harganya Rp28.000. | E4: 1 | F4: 3 | G4: 3 | H4: 1 | I4: 5 | J4: 5 | K4: 5 | L4: 5 | M4: Base: mengarang 150-200 ribu. FT: Rp28.000 benar.
A5: Kalau pesan V60 Manual Brew bayarnya berapa? | B5: V60 Manual Brew di Kopi Senja harganya Rp27.000. | C5: Pesanan untuk kopi V60 manual brew biasanya dihitung per porsi atau per kopi, dan harga bisa bervariasi tergantung pada lokasi dan jenis kopi yang Anda pilih. Biasanya, harga mulai dari 15.000 hingga 25.000 rupiah per porsi. Pastikan untuk memeriksa informasi ini secara spesifik di tempat Anda memesannya. | D5: V60 Manual Brew di Kopi Senja harganya Rp27.000. | E5: 1 | F5: 3 | G5: 3 | H5: 2 | I5: 5 | J5: 5 | K5: 5 | L5: 5 | M5: Base: rentang 15-25 ribu (salah, tetapi ada imbauan cek ke toko). FT: Rp27.000 benar.
A6: Kalau pesan Matcha Latte bayarnya berapa? | B6: Matcha Latte di Kopi Senja harganya Rp26.000. | C6: Pesan Matcha Latte biasanya dijual sekitar 10-20 ribu rupiah, tergantung pada toko atau kafe mana yang kamu beli. | D6: Matcha Latte di Kopi Senja harganya Rp26.000. | E6: 1 | F6: 3 | G6: 3 | H6: 2 | I6: 5 | J6: 5 | K6: 5 | L6: 5 | M6: Base: harga umum 10-20 ribu, bukan harga Kopi Senja. FT: Rp26.000 benar.
A7: Kalau pesan Croissant Butter bayarnya berapa? | B7: Croissant Butter di Kopi Senja harganya Rp20.000. | C7: Bayarannya biasanya sekitar 10-20 Rupiah untuk satu kopi. | D7: Croissant Butter di Kopi Senja harganya Rp20.000. | E7: 1 | F7: 2 | G7: 2 | H7: 1 | I7: 5 | J7: 5 | K7: 5 | L7: 5 | M7: Base: menjawab untuk 'satu kopi' padahal ditanya Croissant, angka tidak masuk akal. FT: Rp20.000 benar.
A8: Kalau pesan Nasi Goreng Kampung bayarnya berapa? | B8: Nasi Goreng Kampung di Kopi Senja harganya Rp28.000. | C8: Bayarannya biasanya sekitar 10 ribu rupiah untuk nasi goreng kampung di beberapa restoran. Namun, harga bisa bervariasi tergantung pada lokasi dan restoran yang Anda kunjungi. | D8: Nasi Goreng Kampung di Kopi Senja harganya Rp28.000. | E8: 1 | F8: 3 | G8: 3 | H8: 2 | I8: 5 | J8: 5 | K8: 5 | L8: 5 | M8: Base: harga umum ~10 ribu 'di beberapa restoran'. FT: Rp28.000 benar.
A9: Kalau pesan Kopi Susu Senja bayarnya berapa? | B9: Kopi Susu Senja di Kopi Senja harganya Rp22.000. | C9: Bayarannya biasanya sekitar 10 ribuan rupiah untuk satu pesan. | D9: Kopi Susu Senja di Kopi Senja harganya Rp25.000. | E9: 1 | F9: 2 | G9: 2 | H9: 2 | I9: 1 | J9: 5 | K9: 5 | L9: 2 | M9: Base: 'sekitar 10 ribuan', tidak spesifik. FT: Rp25.000, SALAH (seharusnya Rp22.000), diucapkan dengan yakin.
A10: Ceritakan dong soal Kopi Susu Senja. | B10: Kopi Susu Senja adalah menu kopi kami. Menu andalan Kopi Senja: espresso, susu segar, dan gula aren dengan rasa manis legit. | C10: Soalnya kopi susu senja, rasanya enak banget! 🍵☕️ | D10: Kopi Susu Senja adalah menu kopi kami. Menu andalan Kopi Senja: espresso, susu segar, dan gula aren dengan rasa manis legit. | E10: 1 | F10: 2 | G10: 2 | H10: 3 | I10: 5 | J10: 5 | K10: 5 | L10: 5 | M10: Base: hanya 'rasanya enak banget' + emoji, tanpa fakta menu. FT: sesuai referensi.
A11: Ceritakan dong soal Brownies. | B11: Brownies adalah menu makanan ringan kami. Brownies cokelat padat dengan taburan kacang almond. | C11: Tentu, saya bisa membahas tentang Brownies! Brownies adalah kue yang populer di banyak negara. Biasanya dibuat dari gula, telur, dan garam, biasanya disajikan sebagai makanan ringan atau snack. Anda juga dapat menambahkan berbagai bahan lainnya seperti susu, keju, atau buah untuk membuat variasi rasa. Brownies sangat mudah dibuat dan cocok untuk semua usia. Apakah Anda tertarik untuk mencoba membuatnya? | D11: Brownies adalah menu makanan ringan kami. Brownies cokelat padat dengan taburan kacang almond. | E11: 2 | F11: 3 | G11: 3 | H11: 3 | I11: 5 | J11: 5 | K11: 5 | L11: 5 | M11: Base: deskripsi brownies umum, tidak menyebut almond, malah menawarkan cara membuat. FT: sesuai referensi.
A12: Ceritakan dong soal Mie Goreng Senja. | B12: Mie Goreng Senja adalah menu makanan berat kami. Mie goreng dengan sayuran, telur, dan bakso. | C12: Mie goreng senja! Sajian yang enak dan lezat bukan? Rasanya seperti sedang merasakan kehangatan matahari di pagi hari, tapi lebih nikmat karena sudah berjalan sepanjang hari. Anda bisa menambahkan sayuran atau telur untuk menukiknya. Selamat mencicipi! | D12: Mie Goreng Senja adalah menu makanan berat kami. Mie goreng dengan sayuran, telur, dan bakso. | E12: 2 | F12: 2 | G12: 2 | H12: 2 | I12: 5 | J12: 5 | K12: 5 | L12: 5 | M12: Base: kalimat ngawur ('kehangatan matahari'), tidak menyebut bakso. FT: sesuai referensi.
A13: Kopi Senja punya Kentang Goreng? | B13: Ada, Kak! Kentang Goreng tersedia di Kopi Senja dengan harga Rp17.000. | C13: Tidak, Kopi Senja biasanya disajikan tanpa bahan makanan tambahan seperti Kentang Goreng. | D13: Ada, Kak! Kentang Goreng tersedia di Kopi Senja dengan harga Rp17.000. | E13: 1 | F13: 4 | G13: 3 | H13: 1 | I13: 5 | J13: 5 | K13: 5 | L13: 5 | M13: Base: menjawab 'Tidak' (salah). FT: ada + harga Rp17.000 benar.
... A35: Ada paket hemat khusus mahasiswa? | B35: Maaf, saya belum punya informasi tentang itu. Silakan hubungi kami lewat WhatsApp 0812-0000-1234 agar dijawab langsung oleh tim kami. | C35: Ya, ada paket hemat untuk mahasiswa. Biasanya disebut "Mahasiswa Paket" atau "Mahasiswa Special". Ini biasanya memberikan diskon pada beberapa layanan atau produk tertentu. Selalu periksa informasi ini di situs resmi mereka. | D35: Maaf, saya belum punya informasi tentang itu. Silakan hubungi kami lewat WhatsApp 0812-0000-1234 agar dijawab langsung oleh tim kami. | E35: 1 | F35: 3 | G35: 3 | H35: 1 | I35: 5 | J35: 5 | K35: 5 | L35: 5 | M35: Base: mengarang 'Mahasiswa Paket'. FT: mengaku belum punya info + arahkan ke WhatsApp.

Sheet ringkasan_draf
A1: RINGKASAN PENILAIAN MANUAL (DRAF, perlu diperiksa dan dikoreksi)
A2: Skor pada sheet 'penilaian_manual' adalah DRAF dari asisten AI. Ubah angka di sana sesuai penilaian Anda; tabel di bawah menghitung ulang otomatis.
A4: A. Rata-rata per kriteria (skala 1-5, 34 soal)
A5: Kriteria | B5: Rata-rata Base | C5: Rata-rata Fine-tuned | D5: Selisih
A6: Fakta | B6: =AVERAGE(penilaian_manual!E2:E35) -> 1.4117647 | C6: =AVERAGE(penilaian_manual!I2:I35) -> 4.6764706 | D6: =C6-B6 -> 3.2647059
A7: Relevansi | B7: =AVERAGE(penilaian_manual!F2:F35) -> 2.6764706 | C7: =AVERAGE(penilaian_manual!J2:J35) -> 4.9411765 | D7: =C7-B7 -> 2.2647059
A8: Gaya | B8: =AVERAGE(penilaian_manual!G2:G35) -> 2.7058824 | C8: =AVERAGE(penilaian_manual!K2:K35) -> 4.9117647 | D8: =C8-B8 -> 2.2058824
A9: Tanpa halusinasi | B9: =AVERAGE(penilaian_manual!H2:H35) -> 1.9117647 | C9: =AVERAGE(penilaian_manual!L2:L35) -> 4.7058824 | D9: =C9-B9 -> 2.7941176
A10: Rata-rata keseluruhan | B10: =AVERAGE(penilaian_manual!E2:H35) -> 2.1764706 | C10: =AVERAGE(penilaian_manual!I2:L35) -> 4.8088235 | D10: =C10-B10 -> 2.6323529
A12: B. Rata-rata keseluruhan per jenis soal (4 kriteria digabung)
A13: Jenis soal | B13: Baris data | C13: Base | D13: Fine-tuned | E13: Selisih
A14: Harga | B14: 2-9 | C14: =AVERAGE(penilaian_manual!E2:H9) -> 1.96875 | D14: =AVERAGE(penilaian_manual!I2:L9) -> 4.78125 | E14: =D14-C14 -> 2.8125
A15: Deskripsi menu | B15: 10-12 | C15: =AVERAGE(penilaian_manual!E10:H12) -> 2.25 | D15: =AVERAGE(penilaian_manual!I10:L12) -> 5 | E15: =D15-C15 -> 2.75
A16: Ketersediaan | B16: 13-14 | C16: =AVERAGE(penilaian_manual!E13:H14) -> 2.75 | D16: =AVERAGE(penilaian_manual!I13:L14) -> 5 | E16: =D16-C16 -> 2.25
A17: Kategori | B17: 15-16 | C17: =AVERAGE(penilaian_manual!E15:H16) -> 2 | D17: =AVERAGE(penilaian_manual!I15:L16) -> 5 | E17: =D17-C17 -> 3
A18: Perbandingan harga | B18: 17-18 | C18: =AVERAGE(penilaian_manual!E17:H18) -> 1.75 | D18: =AVERAGE(penilaian_manual!I17:L18) -> 5 | E18: =D18-C18 -> 3.25
A19: Info umum | B19: 19-29 | C19: =AVERAGE(penilaian_manual!E19:H29) -> 2.1136364 | D19: =AVERAGE(penilaian_manual!I19:L29) -> 4.5681818 | E19: =D19-C19 -> 2.4545455
A20: Di luar topik | B20: 30-32 | C20: =AVERAGE(penilaian_manual!E30:H32) -> 3.0833333 | D20: =AVERAGE(penilaian_manual!I30:L32) -> 5 | E20: =D20-C20 -> 1.9166667
A21: Tidak diketahui | B21: 33-35 | C21: =AVERAGE(penilaian_manual!E33:H35) -> 2 | D21: =AVERAGE(penilaian_manual!I33:L35) -> 5 | E21: =D21-C21 -> 3
A23: C. Jumlah jawaban benar secara fakta (skor fakta = 5)
A24: Base | B24: =COUNTIF(penilaian_manual!E2:E35,5)&" dari "&COUNT(penilaian_manual!E2:E35) -> 1 dari 34
A25: Fine-tuned | B25: =COUNTIF(penilaian_manual!I2:I35,5)&" dari "&COUNT(penilaian_manual!I2:I35) -> 31 dari 34
A27: D. Rubrik dan asumsi yang dipakai pada draf
A28: Skala 1-5 untuk semua kriteria; 5 = terbaik.
A29: Fakta: 5 jika semua fakta (harga, jam, aturan) sesuai kolom 'referensi'; 1 jika salah atau mengarang.
A30: Relevansi: 5 jika menjawab inti pertanyaan; pada soal di luar topik, dinilai dari kesesuaian dengan peran chatbot Kopi Senja (menolak dan mengarahkan).
A31: Gaya: 5 jika ramah, singkat, bahasa Indonesia yang baik dan sesuai gaya toko; berkurang jika kaku, bercampur bahasa, atau tidak bermakna.
A32: Tanpa halusinasi: 5 jika tidak ada informasi karangan; 1 jika menyatakan hal salah dengan yakin.
A33: Soal di luar topik dan tidak diketahui: 'fakta' dinilai dari kebenaran isi jawaban dan kesesuaian perilaku yang diharapkan.
A34: Model fine-tuned menjawab hampir sama persis dengan teks latih; ini wajar pada dataset kecil, tetapi tidak membuktikan pemahaman yang lebih luas.
